Term,Translation,Status,ReviewedBuildId,Comment
Dialogue System/Conversation/Scenario.Act4.FriendlyPresence/Entry/01/Dialogue Text,"어둠 속을 나아가던 중 <style=echo><dangle>신비로운 목소리</dangle></style>가 머릿속에 울리고, 위안을 주는 존재가 당신 앞에 나타납니다.

“여기까지 정말 잘 왔구나, 작은 친구야. 라디아의 잘못을 바로잡으려 애쓰고, 해야 할 일을 해 줘서 고맙구나…”
",draft,,"Draft story text; keeps a gentle, familiar voice and the source paragraph break."
Dialogue System/Conversation/Scenario.Act4.FriendlyPresence/Entry/02/Dialogue Text,"“여기서 쓰러지더라도, 너는 이미 어둠을 막아 내고 라디아 주민들을 지키는 데 큰일을 해냈다는 걸 알아 두렴.

마지막 적과 맞서기 전에…”",draft,,Draft story text; keeps the comforting informal voice and the source paragraph break.
Dialogue System/Conversation/Scenario.Act4.FriendlyPresence/Entry/03/Dialogue Text,“...도움을 받아 보겠니?”,draft,,Informal offer chosen to match the speaker addressing the player as a little friend.
Dialogue System/Conversation/Scenario.Act4.FriendlyPresence/Entry/04/Dialogue Text,활력 (<style=heal>최대 체력 +[var=maxHPAdd]</style>),draft,,Draft choice label; preserves the [var=maxHPAdd] variable exactly.
Dialogue System/Conversation/Scenario.Act4.FriendlyPresence/Entry/05/Dialogue Text,명료함 (<style=heal2>제거할 구슬을 최대 3개 선택</style>),draft,,Draft choice label; uses the established Korean term 구슬.
Dialogue System/Conversation/Scenario.Act4.FriendlyPresence/Entry/06/Dialogue Text,안정 (<style=heal2>업그레이드 가능한 구슬을 모두 업그레이드</style>),draft,,Draft choice label; uses the established Korean term 구슬.
Dialogue System/Conversation/Scenario.Act4.FriendlyPresence/Entry/07/Dialogue Text,창의력 (<style=heal2>희귀한 유물 3개 중 1개 추가</style>),draft,,The wording does not establish whether the player chooses from three relics; confirm the interaction before approval.
Dialogue System/Conversation/Scenario.Act4.FriendlyPresence/Entry/08/Dialogue Text,"그 존재는 당신에게 힘을 내려 주고, 에너지는 어둠 속으로 흩어집니다.",draft,,Draft story text; describes the presence leaving after granting strength.
Dialogue System/Conversation/Scenario.Castle.AggressiveBrickSlimes/Entry/01/Dialogue Text,"복도를 걷던 중 <style=objectOfInterest>벽돌 슬라임박스</style> 무리가 당신 주변에 <bounce>내리꽂히기</bounce> 시작합니다! 꽤 부주의해 보여 서로 부딪쳐 산산조각 나도록 속일 수도 있고, 거리를 두고 싸울 수도 있겠습니다.",draft,,
Dialogue System/Conversation/Scenario.Castle.AggressiveBrickSlimes/Entry/03/Dialogue Text,벽돌들을 속이기 <style=stone>(펩볼 +3개)</style>,draft,,
Dialogue System/Conversation/Scenario.Castle.AggressiveBrickSlimes/Entry/04/Dialogue Text,<style=damage>싸우기!</style>,draft,,
Dialogue System/Conversation/Scenario.Castle.AggressiveBrickSlimes/Entry/05/Dialogue Text,"벽돌들을 좁은 곳으로 유인하자 서로 부딪쳐 산산조각 납니다. 날아오는 파편을 막다가 뜻밖에도 <style=stone>[var=orb0]</style>, <style=stone>[var=orb1]</style>, 그리고 <style=stone>[var=orb2]</style>를 받아 냅니다.",draft,,
Dialogue System/Conversation/Scenario.Castle.OldBrickSlime/Entry/01/Dialogue Text,"조용한 복도를 걷던 중 발밑의 벽돌 하나가 당신에게 끙 소리를 냅니다! 발을 떼자 몹시 낡은 벽돌 슬라임박스가 뒤집혀 얼굴을 드러냅니다.
""<wave>으으으</wave>, 난 은퇴했으니 이제 그만 내버려 둬. 잠깐... 이 맛있는 <style=stone>펩볼</style> 냄새는? 이렇게 하지. 그걸 먹게 해 주면 없던 일로 해 주마.""",draft,,
Dialogue System/Conversation/Scenario.Castle.OldBrickSlime/Entry/03/Dialogue Text,<style=loseOrb>[var=randomOrb0]</style>와 <style=loseOrb>[var=randomOrb1]</style> 주기.,draft,,
Dialogue System/Conversation/Scenario.Castle.OldBrickSlime/Entry/04/Dialogue Text,도망치기!,draft,,
Dialogue System/Conversation/Scenario.Castle.OldBrickSlime/Entry/05/Dialogue Text,"<style=stone>늙은 벽돌 슬라임박스</style>는 <style=stone>펩볼</style>을 <shake>가루가 되도록</shake> 씹어 먹고 만족스러운 소리를 낸 뒤 다시 잠듭니다.
당신은 다시 길을 나섭니다.",draft,,
Dialogue System/Conversation/Scenario.Castle.OldBrickSlime/Entry/07/Dialogue Text,지치고 늙은 벽돌 슬라임박스에게서 손쉽게 빠져나옵니다.,draft,,
Dialogue System/Conversation/Scenario.Castle.PeglinChef/Entry/01/Dialogue Text,"주방에 잘못 들어선 당신은... 인간 요리사처럼 차려입은 <style=peglin>페글린</style>과 마주칩니다. 귀를 엉성하게 가렸는데도 인간들은 변장을 감쪽같이 믿는 모양입니다.
<wave>""여기서 뭐 하는 거야?! 내 정체가 들키겠잖아!""</wave> 페글린이 꽥 소리칩니다. ""제발, 내가 찾은 <style=objectOfInterest>이 유물</style>을 가지고 여기서 나가 줘!""",draft,,
Dialogue System/Conversation/Scenario.Castle.PeglinChef/Entry/02/Dialogue Text,뇌물을 받고 조용히 나가기,draft,,
Dialogue System/Conversation/Scenario.Castle.PeglinChef/Entry/03/Dialogue Text,"가장 가까운 문으로 몰래 빠져나와, 다른 페글린은 제 할 일을 하게 둡니다.",draft,,
Dialogue System/Conversation/Scenario.Castle.PeglinChef/Entry/04/Dialogue Text,페글린 요리사의 정체를 폭로하기,draft,,
Dialogue System/Conversation/Scenario.Castle.PeglinChef/Entry/05/Dialogue Text,"당신은 크게 소리를 질러 페글린 요리사의 정체를 폭로했고, 인간들은 진심으로 놀란 것 같습니다. 안타깝게도, 주방에서 일을 하던 페글린 요리사는 몸이 재빨랐습니다. 페글린 요리사는 탈출했고, <style=damage>대신 당신이 잡혀버렸습니다!</style>",draft,,
Dialogue System/Conversation/Scenario.Castle.PeglinChef/Entry/06/Dialogue Text,<style=damage>싸우기!</style>,draft,,
Dialogue System/Conversation/Scenario.Castle.PeglinChef/Entry/07/Dialogue Text,"달걀 하나를 넘기기 (<style=damage>-달걀</style>, <style=heal>???</style>)",draft,,
Dialogue System/Conversation/Scenario.Castle.PeglinChef/Entry/08/Dialogue Text,"<style=peglin>에그린</style>은 기뻐하며 당신의 손에서 달걀을 낚아채더니, 놀라울 만큼 빨리 갓 구운 케이크를 들고 돌아옵니다!",draft,,
Dialogue System/Conversation/Scenario.CrowClearing/Entry/01/Dialogue Text,머리 위로 수상할 만큼 많은 까마귀가 <wave>빙빙 도는</wave> 빈터에 도착합니다. 대수롭지 않게 여기던 순간... 까마귀들이 당신에게 <shake><style=stone>펩볼</style>을 떨어뜨리기 시작합니다!</shake>,draft,,
Dialogue System/Conversation/Scenario.CrowClearing/Entry/02/Dialogue Text,가방을 열어 펩볼을 받아보기! (<style=stone>펩볼 +3개</style>),draft,,
Dialogue System/Conversation/Scenario.CrowClearing/Entry/05/Dialogue Text,"돌이 비처럼 쏟아지는 빈터를 전력 질주합니다. <style=damage>몇 번 얻어맞기는 했지만</style>, 적어도 펩볼을 더 짊어질 일은 없습니다.",draft,,
Dialogue System/Conversation/Scenario.CrowClearing/Entry/07/Dialogue Text,"당신은 가방을 머리 위에 이고 상처 하나 없이 빈터를 달리고, 가방 속에는 <style=stone>[var=orb0], [var=orb1], 그리고 [var=orb2]</style>가 담겼습니다.",draft,,
Dialogue System/Conversation/Scenario.CrowClearing/Entry/08/Dialogue Text,도망치기! (<style=damage>-[var=run_dmg] 체력</style>),draft,,
Dialogue System/Conversation/Scenario.CrowClearing/Entry/09/Dialogue Text,까마귀들의 관심 끌기 (<style=damage>무작위 구슬 제거</style>),draft,,
Dialogue System/Conversation/Scenario.CrowClearing/Entry/10/Dialogue Text,"당신은 재빨리 가방에 손을 넣어 작은 손가락에 처음 닿은 구슬을 집어 듭니다. 바로 당신의 <style=damage>[var=orb0]</style>입니다! 까마귀들은 당신의 공물에 만족한 듯하며, 몇 마리는 <bounce>날아내려와</bounce> 선물로 <style=gold>[var=goldToGrant] 골드</style>를 남겨두고 갑니다.",draft,,
Dialogue System/Conversation/Scenario.Forest.BrambleTree/Entry/01/Dialogue Text,"숲 한가운데서 <style=objectOfInterest>이상한 나무</style>가 선 빈터를 발견합니다. 줄기에는 움푹 팬 곳이 있고, 그 안에서 <style=bramble>가시덤불</style>이 마구 뒤엉켜 자라고 있습니다.",draft,,
Dialogue System/Conversation/Scenario.Forest.BrambleTree/Entry/02/Dialogue Text,구멍에 손을 집어넣기 <style=damage>(체력 -[var=brambleNookDamage])</style>,draft,,
Dialogue System/Conversation/Scenario.Forest.BrambleTree/Entry/03/Dialogue Text,"당신은 가시덤불이 마구잡이로 자라난 구멍에 손을 집어넣습니다! <style=damage>손에 가벼운 상처를 입었지만</style>, 손을 빼니 <style=bramble>[var=orb0]</style>이 달라붙어 있었습니다. 쓸모가 있기를 바라야겠군요.",draft,,
Dialogue System/Conversation/Scenario.Forest.BrambleTree/Entry/05/Dialogue Text,계속하기,draft,,
Dialogue System/Conversation/Scenario.Forest.BrambleTree/Entry/06/Dialogue Text,나무를 흔들기,draft,,
Dialogue System/Conversation/Scenario.Forest.BrambleTree/Entry/07/Dialogue Text,온 힘을 다해서 나무를 흔들었더니 높은 나뭇가지 어딘가에서 <style=egg>알</style>이 하나 떨어졌습니다! 당신은 다행히 알을 가방으로 받아냈습니다.,draft,,
Dialogue System/Conversation/Scenario.Forest.BrambleTree/Entry/08/Dialogue Text,구멍에 손을 집어넣기 <style=heal>(+구슬)</style>,draft,,
Dialogue System/Conversation/Scenario.Forest.BrambleTree/Entry/09/Dialogue Text,"무성한 가시덤불로 뒤덮인 구멍에 손을 집어넣습니다! <style=objectOfInterest>정원사의 장갑이 작은 손을 안전하게 지켜 주고</style>, 구멍에서 <style=bramble>[var=orb0]</style>을 꺼냅니다.",draft,,
Dialogue System/Conversation/Scenario.Forest.HealingClearing/Entry/01/Dialogue Text,"숲의 많은 것들이 당신에게 등을 돌렸지만, 이 빈터의 나무 한 그루에는 마지막 남은 선의가 느껴집니다. 나무를 보살피면 그 보답을 받을 수 있을 듯합니다.",draft,,
Dialogue System/Conversation/Scenario.Forest.HealingClearing/Entry/02/Dialogue Text,나뭇잎을 돌보기 (<style=heal>체력 +[var=shallowHeal]</style>),draft,,
Dialogue System/Conversation/Scenario.Forest.HealingClearing/Entry/03/Dialogue Text,나뭇잎에서 마음을 달래는 빛이 나고 최근의 상처가 아물기 시작하자 깊은 안도감이 밀려옵니다.,draft,,
Dialogue System/Conversation/Scenario.Forest.HealingClearing/Entry/05/Dialogue Text,뿌리를 돌보기 (<style=heal>최대 체력 +[var=deepHeal]</style>),draft,,
Dialogue System/Conversation/Scenario.Forest.HealingClearing/Entry/06/Dialogue Text,당신의 도움으로 나무뿌리가 새로운 땅까지 뻗어 나갑니다. 빈터를 떠난 뒤에도 깊은 평온함이 오래도록 이어집니다.,draft,,
Dialogue System/Conversation/Scenario.Forest.HealingClearing/Entry/07/Dialogue Text,빈터 떠나기,draft,,
Dialogue System/Conversation/Scenario.General.DuplicationAltar/Entry/01/Dialogue Text,당신은 구슬을 올려놓기 딱 알맞은 공간이 있는 <color=white>두 개의 똑같은 제단</color>과 마주쳤습니다.,draft,,
Dialogue System/Conversation/Scenario.General.DuplicationAltar/Entry/02/Dialogue Text,제단 위에 구슬을 하나 올리기 <style=heal>(구슬 하나를 복제하기)</style>,draft,,
Dialogue System/Conversation/Scenario.General.DuplicationAltar/Entry/03/Dialogue Text,새로운 <style=objectOfInterest>[var=chosenOrb]</style> 하나가 옆에 있는 제단에 나타납니다! 당신은 그걸 잽싸게 줍고 여정을 계속합니다.,draft,,
Dialogue System/Conversation/Scenario.General.DuplicationAltar/Entry/04/Dialogue Text,떠나기,draft,,
Dialogue System/Conversation/Scenario.General.DuplicationAltar/Entry/05/Dialogue Text,<color=white>두 제단</color>은 말없이 서 있습니다.,draft,,
Dialogue System/Conversation/Scenario.General.EldritchAltar/Entry/01/Dialogue Text,끔찍한 기운이 감도는 제단이 앞을 가로막습니다. 제단에서 뿜어져 나오는 힘이라면... 몸 곳곳의 심한 상처도 치유할 수 있을 듯합니다. 그 끔찍한 대가를 치르겠습니까?,draft,,
Dialogue System/Conversation/Scenario.General.EldritchAltar/Entry/02/Dialogue Text,"수락하기 (<style=damage>-[var=maxHPLoss] 최대 체력</style>, <style=heal2>모든 체력 회복</style>)",draft,,
Dialogue System/Conversation/Scenario.General.EldritchAltar/Entry/03/Dialogue Text,영혼의 일부가... 사라진 것 같은 느낌입니다. 하지만 적어도 육체적 상처는 치유됐으니까요.,draft,,
Dialogue System/Conversation/Scenario.General.EldritchAltar/Entry/07/Dialogue Text,떠나기,draft,,
Dialogue System/Conversation/Scenario.General.Gambler/Entry/01/Dialogue Text,"당신은 <style=peglin>풍상을 겪은 늙은 페글린</style>이 날렵한 손가락 사이로 <bounce>포커 칩을 튕기는 모습</bounce>을 발견합니다.
""자네는 스스로 도박꾼이라고 생각하나?""",draft,,
Dialogue System/Conversation/Scenario.General.Gambler/Entry/02/Dialogue Text,칩 뒤집기 (<style=damage>체력 -[var=loss_dmg]</style> 또는 <style=heal>+유물</style>),draft,,
Dialogue System/Conversation/Scenario.General.Gambler/Entry/03/Dialogue Text,떠나기,draft,,
Dialogue System/Conversation/Scenario.General.Gambler/Entry/04/Dialogue Text,"<style=damage>칩 뒤집기에서 지자</style> 몸에서 힘이 조금 빠지고, <style=peglin>상대 페글린</style>의 두 눈은 장난스럽게 빛납니다.
""고맙네. 한 번 더 하겠나?""",draft,,
Dialogue System/Conversation/Scenario.General.Gambler/Entry/05/Dialogue Text,"<style=heal>칩 뒤집기에서 이겼습니다!</style> <style=peglin>상대 페글린</style>은 씁쓸한 미소를 지으며 <style=objectOfInterest>칩</style>을 건넵니다.
""같이 놀아 줘서 고맙네. 다음 판이 기대되는군!""",draft,,
Dialogue System/Conversation/Scenario.General.Gambler/Entry/06/Dialogue Text,<style=damage>[var=allGold] 골드</style> 투자하기,draft,,
Dialogue System/Conversation/Scenario.General.Gambler/Entry/07/Dialogue Text,"""고마워 친구, 후회는 안 할 거야!"" <style=hidden>아마도...</style>",draft,,
Dialogue System/Conversation/Scenario.General.Gambler/Entry/08/Dialogue Text,<style=damage>[var=halfGold] 골드</style> 투자하기,draft,,
Dialogue System/Conversation/Scenario.General.Gambler/Entry/09/Dialogue Text,갬블린과 '투자하기',draft,,
Dialogue System/Conversation/Scenario.General.Gambler/Entry/10/Dialogue Text,"""오, 훌륭해. 마침 좋은 투자처가 몇 군데 있거든!""",draft,,
Dialogue System/Conversation/Scenario.General.Gambler/Entry/11/Dialogue Text,다시 생각해 보니...,draft,,
Dialogue System/Conversation/Scenario.General.GamblerInvestmentReturn/Entry/01/Dialogue Text,"갬블린이 멍한 표정으로 홀로 서 있는 것을 발견했습니다. 당신을 보자 표정에 놀라움과 약간의 실망감이 스칩니다... ""아, 친구! 다시 만나니 반갑네. 자네가 투자한 돈으로 꽤 큰 수익을 냈어!""",draft,,
Dialogue System/Conversation/Scenario.General.GamblerInvestmentReturn/Entry/02/Dialogue Text,<style=gold>[var=investmentReturn] 골드 받기</style>,draft,,
Dialogue System/Conversation/Scenario.General.GamblerInvestmentReturn/Entry/03/Dialogue Text,갬블린은 멀어지는 당신(과 당신의 골드)을 아쉬운 눈으로 바라봅니다.,draft,,
Dialogue System/Conversation/Scenario.General.HelpfulSpirits/Entry/01/Dialogue Text,"<style=objectOfInterest>신비로운 정령 셋</style>이 {rdir}불쑥 나타나{/rdir} 여행 중인 당신을 놀라게 합니다.
""이 작은 친구에게 우리 도움이 필요하겠어!"" 정령 하나가 <bounce>신이 나 외칩니다</bounce>.",draft,,
Dialogue System/Conversation/Scenario.General.HelpfulSpirits/Entry/03/Dialogue Text,정령 하나가 <style=loseOrb>[var=orb1Name]</style> 하나를 낚아채고는 <style=subtle><incr>허공으로 사라집니다...</incr></style>,draft,,
Dialogue System/Conversation/Scenario.General.HelpfulSpirits/Entry/04/Dialogue Text,[var=orb2Name] 업그레이드하기,draft,,
Dialogue System/Conversation/Scenario.General.HelpfulSpirits/Entry/05/Dialogue Text,[var=orb3Name] 복제하기,draft,,
Dialogue System/Conversation/Scenario.General.HelpfulSpirits/Entry/06/Dialogue Text,정령 하나가 <style=objectOfInterest><incr>신비로운 빛을 내뿜자</incr></style> 모두가 사라집니다. 업그레이드된 <style=objectOfInterest>[var=upgradedOrbVerbose]</style> 덕분에 당신은 조금 더 강해졌습니다.,draft,,
Dialogue System/Conversation/Scenario.General.HelpfulSpirits/Entry/07/Dialogue Text,가방을 들여다보니 <style=objectOfInterest>반짝이는 새 [var=orb3Name]</style> 하나가 들어 있습니다. 고개를 들었을 때 정령들은 이미 <style=subtle><incr>사라진 뒤입니다</incr></style>.,draft,,
Dialogue System/Conversation/Scenario.General.HelpfulSpirits/Entry/08/Dialogue Text,[var=orb1Name] 제거하기,draft,,
Dialogue System/Conversation/Scenario.General.MidasOrb/Entry/01/Dialogue Text,"황금 구슬 얻기 (<style=damage>-[var=allGold] 골드</style>, <style=heal>+구슬</style>)",draft,,
Dialogue System/Conversation/Scenario.General.MidasOrb/Entry/02/Dialogue Text,구슬을 집어 들자 가방 속 골드가 모두 사라집니다. 어쩌면 그 코인들이 당신을 조각상과 같은 운명에서 지켜 준 것인지도 모릅니다...,draft,,
Dialogue System/Conversation/Scenario.General.MidasOrb/Entry/03/Dialogue Text,"조각상 부수기 (<style=damage>[var=thirdGold] 대미지 받기</style>, <style=gold> +[var=randomGoldGain] 골드</style>)",draft,,
Dialogue System/Conversation/Scenario.General.MidasOrb/Entry/04/Dialogue Text,"조각상을 <shake>산산조각 내는</shake> 데 엄청난 힘이 들었지만, 잔해에서 <style=gold>쓸 수 있는 골드</style>를 조금 건집니다.",draft,,
Dialogue System/Conversation/Scenario.General.MidasOrb/Entry/05/Dialogue Text,"모퉁이를 돌자 <style=gold>전체가 황금으로 만들어진</style> 섬뜩한 실물 크기의 페글린 조각상이 보입니다. 조각상은 뻗은 손에 <wave><style=gold>찬란한 황금 구슬</style></wave>을 들고 있는데, 위험할 수 있다는 건 알면서도 조각상이 뿜어내는 매혹적인 광채의 유혹을 뿌리칠 수 없습니다...",draft,,
Dialogue System/Conversation/Scenario.General.MidasOrb/Entry/06/Dialogue Text,"조각상에 제물 바치기 (<style=damage>-[var=upgradeCost] 골드</style>, <style=heal>구슬 하나 업그레이드</style>)",draft,,
Dialogue System/Conversation/Scenario.General.MidasOrb/Entry/07/Dialogue Text,떠나기,draft,,
Dialogue System/Conversation/Scenario.General.MidasOrb/Entry/08/Dialogue Text,조각상은 제물을 기꺼이 받았지만 더 많은 것을 갈망합니다...,draft,,
Dialogue System/Conversation/Scenario.General.MidasOrb/Entry/09/Dialogue Text,떠나기 (<style=damage>-[var=leaveCost] 골드</style>),draft,,
Dialogue System/Conversation/Scenario.General.MidasOrb/Entry/10/Dialogue Text,떠나기,draft,,
Dialogue System/Conversation/Scenario.General.MirrorDuplication/Entry/03/Dialogue Text,"당신은 우연히 <color=#edc65a>이상한 거울</color>에 그림자들이 <wiggle>일렁이는</wiggle> 것을 발견합니다. 정신을 차려보니, 코가 거의 거울에 닿을 지경까지 가까이 다가가 있었습니다. 그림자들은 당신이 들어본 적이 없는 언어로 말을 겁니다. 하지만 왜인지 그들이 제안하는 건 이해가 되는군요...",draft,,
Dialogue System/Conversation/Scenario.General.MirrorDuplication/Entry/04/Dialogue Text,모든 구슬 복제하기 <style=damage>(체력 -[var=low_cost])</style>,draft,,
Dialogue System/Conversation/Scenario.General.MirrorDuplication/Entry/05/Dialogue Text,무작위의 구슬 하나 복제하기 <style=damage>(체력 -[var=high_cost])</style>,draft,,
Dialogue System/Conversation/Scenario.General.MirrorDuplication/Entry/06/Dialogue Text,"당신은 <style=damage>에너지가 이동하는 듯한 불쾌한 기분</style>을 느끼지만, 이내 손에 [var=orb0] 두 개가 들려있는 것을 확인합니다.",draft,,
Dialogue System/Conversation/Scenario.General.MirrorDuplication/Entry/07/Dialogue Text,당신은 거울로부터 큰 에너지가 전해져 오는 것을 느낍니다. <style=objectOfInterest>당신의 모든 구슬이 복제되었습니다!</style>,draft,,
Dialogue System/Conversation/Scenario.General.MirrorRemove/Entry/03/Dialogue Text,"당신은 우연히 <color=#a56cde>이상한 거울</color>에 그림자들이 <wiggle>일렁이는</wiggle> 것을 발견합니다. 정신을 차려보니, 코가 거의 거울에 닿을 지경까지 가까이 다가가 있었습니다. 그림자들은 당신이 들어본 적이 없는 언어로 말을 겁니다. 하지만 왜인지 그들이 제안하는 건 이해가 되는군요...",draft,,
Dialogue System/Conversation/Scenario.General.MirrorRemove/Entry/04/Dialogue Text,구슬 하나 제거하기 <style=damage>(체력 -[var=high_cost])</style>,draft,,
Dialogue System/Conversation/Scenario.General.MirrorRemove/Entry/05/Dialogue Text,모든 구슬 제거하기 <style=damage>(체력 -[var=low_cost])</style>,draft,,
Dialogue System/Conversation/Scenario.General.MirrorRemove/Entry/06/Dialogue Text,지옥 같은 에너지를 받아들이고 [var=chosenOrb]을 거울 너머로 밀어 넣습니다. 그림자들이 잘 써 주기를 바랄 뿐입니다.,draft,,
Dialogue System/Conversation/Scenario.General.MirrorRemove/Entry/07/Dialogue Text,거울 속 그림자들이 짐을 덜어 주겠다고 제안하자 이를 받아들입니다. 가방이 비고 세상이 어둠에 잠기는 동안 희미한 공포가 밀려옵니다.,draft,,
Dialogue System/Conversation/Scenario.General.MirrorRemove/Entry/08/Dialogue Text,???,draft,,
Dialogue System/Conversation/Scenario.General.MirrorRemove/Entry/09/Dialogue Text,얼마 뒤 깨어나 보니 가방 안에는 신비로운 새 <style=orberos>[var=orb0]</style> 하나만 들어 있습니다.,draft,,
Dialogue System/Conversation/Scenario.General.MirrorRemove/Entry/10/Dialogue Text,...,draft,,
Dialogue System/Conversation/Scenario.General.Orbelisk/Entry/01/Dialogue Text,<style=objectOfInterest>어둠의 오벨리스크</style>가 눈앞에 우뚝 서 있습니다. 매혹적인 힘으로 웅웅거리며 대지와 이어진 기운을 내뿜습니다.,draft,,
Dialogue System/Conversation/Scenario.General.Orbelisk/Entry/02/Dialogue Text,기도하여 오벨리스크의 힘을 받기 <style=heal>(+구슬)</style>,draft,,
Dialogue System/Conversation/Scenario.General.Orbelisk/Entry/03/Dialogue Text,힘을 주어 오벨리스크에 <style=stone>[var=randomOrb0]</style> 하나를 집어넣기,draft,,
Dialogue System/Conversation/Scenario.General.Orbelisk/Entry/04/Dialogue Text,"<style=objectOfInterest>오벨리스크</style>의 힘이 당신에게 흘러들어와, 가방 속에 <style=stone>[var=addedOrb]</style>의 모습으로 굳어집니다.",draft,,
Dialogue System/Conversation/Scenario.General.Orbelisk/Entry/06/Dialogue Text,<style=objectOfInterest>오벨리스크</style>의 진정한 잠재력을 끌어내지 못해 실망한 기운이 느껴집니다. 그래도 [var=lostOrb]은 흡수됩니다.,draft,,
Dialogue System/Conversation/Scenario.General.Orbelisk2/Entry/01/Dialogue Text,여러 개의 <style=objectOfInterest>커다란 검은 오벨리스크</style>가 눈앞에 위협적으로 나타납니다. 오벨리스크가 일제히 힘차게 웅웅거리는 소리에 땅이 제멋대로 휘어지는 듯합니다.,draft,,
Dialogue System/Conversation/Scenario.General.Orbelisk2/Entry/02/Dialogue Text,기도하기 (모든 펩볼을 오벨리스구로 변환),draft,,
Dialogue System/Conversation/Scenario.General.Orbelisk2/Entry/03/Dialogue Text,떠나기,draft,,
Dialogue System/Conversation/Scenario.General.Orbelisk2/Entry/04/Dialogue Text,"웅웅거리는 소리가 견디기 힘들 만큼 커지고, 어느새 당신도 라디아의 지각처럼 깊고 한결같이 울리기 시작합니다. 갑작스러운 변화와 함께 주변 오벨리스크의 힘이 꺼지고 빛과 울림도 잦아듭니다. 압도적인 정적 속에서 가방에는 막대한 대지의 힘이 남습니다.",draft,,
Dialogue System/Conversation/Scenario.General.PeglinEcho/Entry/01/Dialogue Text,<style=echo><dangle>신비로운 페글린</dangle></style>의 모습을 언뜻 발견합니다. 예전 자신의 메아리인 듯한데... 어쩌면 당신의 메아리일까요?,draft,,
Dialogue System/Conversation/Scenario.General.PeglinEcho/Entry/02/Dialogue Text,메아리에게 다가가기 <style=heal>(구슬 하나를 업그레이드)</style>,draft,,
Dialogue System/Conversation/Scenario.General.PeglinEcho/Entry/03/Dialogue Text,메아리는 당신에게 <style=objectOfInterest>남은 힘을 나누어 준 뒤</style> 서서히 사라집니다...,draft,,
Dialogue System/Conversation/Scenario.General.PeglinEcho/Entry/04/Dialogue Text,그냥 두기,draft,,
Dialogue System/Conversation/Scenario.General.PeglinEcho/Entry/05/Dialogue Text,<style=echo><dangle> 페글린</dangle></style>이 멍한 눈으로 당신을 쳐다봅니다.,draft,,
Dialogue System/Conversation/Scenario.General.PortableForge/Entry/01/Dialogue Text,"<style=objectOfInterest>뜨겁게 달아올라 당장이라도 제련할 수 있는 용광로</style>를 발견했지만, 이상하게도 주변에는 아무도 없습니다.
사용할 수 있을 듯하지만 <style=peglin>페글린의 작은 손</style>으로는 그 열기를 감당할 수 없습니다.",draft,,
Dialogue System/Conversation/Scenario.General.PortableForge/Entry/02/Dialogue Text,"용광로 사용하기 (체력 <style=damage>-[var=forge_dmg]</style>, <style=objectOfInterest>무작위 구슬 업그레이드</style>)",draft,,
Dialogue System/Conversation/Scenario.General.PortableForge/Entry/03/Dialogue Text,손은 <style=damage>약간 데였지만</style> <style=objectOfInterest>[var=orb0]</style>가 <style=objectOfInterest>[var=orb1]</style>로 업그레이드됐습니다.,draft,,
Dialogue System/Conversation/Scenario.General.PortableForge/Entry/04/Dialogue Text,떠나기,draft,,
Dialogue System/Conversation/Scenario.General.PortableForge/Entry/05/Dialogue Text,가방을 이용해 용광로 들기 (<style=objectOfInterest>+ 특별한 유물</style>),draft,,
Dialogue System/Conversation/Scenario.General.PortableForge/Entry/06/Dialogue Text,"가방을 용광로 위로 씌우자 용광로가 그 안의 공허로 사라집니다. 왜 이 방법이 통하리라 생각했는지는 모르겠지만, 시도하길 잘했습니다.",draft,,
Dialogue System/Conversation/Scenario.General.PortableForge/Entry/07/Dialogue Text,대장간 망치 가져가기 (<style=objectOfInterest>+특별한 유물</style>),draft,,
Dialogue System/Conversation/Scenario.General.PortableForge/Entry/08/Dialogue Text,"<style=peglin><wave>자그마한 팔</wave></style>이 들기에는 꽤 무겁지만, <style=objectOfInterest>특별한 가방</style>을 활용하면 어느 정도는 사용할 수 있을 것입니다.",draft,,
Dialogue System/Conversation/Scenario.General.RainbowSlime/Entry/01/Dialogue Text,"길을 계속 가던 중, 하마터면 혼자 있는 <rainb>무지개 슬라임드롭</rainb>에게 걸려 넘어질 뻔했습니다. 전투가 벌어질 것을 예상하고 방어 태세를 갖추기 시작하는데... 슬라임이 당신에게 말을 걸어옵니다!",draft,,
Dialogue System/Conversation/Scenario.General.RainbowSlime/Entry/02/Dialogue Text,"<rainb>""잠깐 잠깐 잠깐! 난 혼자고 코인도 <wave>완전히</wave> 다 떨어졌다고요... 싸우는 대신 서로 도울 수 있지 않을까요?""</rainb>",draft,,
Dialogue System/Conversation/Scenario.General.RainbowSlime/Entry/03/Dialogue Text,구슬 제거하기 (<style=damage>[var=removeCost] 골드 지불</style>),draft,,
Dialogue System/Conversation/Scenario.General.RainbowSlime/Entry/04/Dialogue Text,<style=damage>싸우기!</style>,draft,,
Dialogue System/Conversation/Scenario.General.RainbowSlime/Entry/05/Dialogue Text,슬라임 무시하기,draft,,
Dialogue System/Conversation/Scenario.General.RainbowSlime/Entry/06/Dialogue Text,"<rainb>""고마워요! 이제 친구들을 따라가 봐야겠어요! 그럼 이만!""</rainb>",draft,,
Dialogue System/Conversation/Scenario.General.RemoveOrUpgradeStones/Entry/01/Dialogue Text,"바로 앞에 있는 라디아의 구체를 발견합니다. 가만히 귀를 기울이면 대지의 에너지가 윙윙거리는 소리가 들리고, 이 힘을 사용할 수 있다는 느낌이 듭니다.",draft,,
Dialogue System/Conversation/Scenario.General.RemoveOrUpgradeStones/Entry/02/Dialogue Text,에너지 받아들이기 (<style=dmg_bonus>모든 펩볼 업그레이드</style>),draft,,
Dialogue System/Conversation/Scenario.General.RemoveOrUpgradeStones/Entry/03/Dialogue Text,구체에 구슬 넣기 (<style=damage>구슬 제거하기</style>),draft,,
Dialogue System/Conversation/Scenario.General.RemoveOrUpgradeStones/Entry/04/Dialogue Text,구체는 <style=loseOrb>[var=chosenOrb]</style>를 받아들이고 윙윙거리는 소리가 멈췄습니다.,draft,,
Dialogue System/Conversation/Scenario.General.RemoveOrUpgradeStones/Entry/05/Dialogue Text,대지의 에너지가 당신과 가방에 스며듭니다. 대지와 한층 깊이 이어지고 더욱 강해진 구슬을 지닌 채 다시 길을 나섭니다.,draft,,
Dialogue System/Conversation/Scenario.General.ScaryHaglin/Entry/01/Dialogue Text,"""네가 원하느으은 게 뭐지이이?""",draft,,
Dialogue System/Conversation/Scenario.General.ScaryHaglin/Entry/02/Dialogue Text,구슬 하나 업그레이드하기 <style=damage>(체력 -[var=hag_dmg])</style>,draft,,
Dialogue System/Conversation/Scenario.General.ScaryHaglin/Entry/03/Dialogue Text,구슬 하나 제거하기 <style=damage>(체력 -[var=hag_dmg2])</style>,draft,,
Dialogue System/Conversation/Scenario.General.ScaryHaglin/Entry/04/Dialogue Text,필요 없어요!,draft,,
Dialogue System/Conversation/Scenario.General.ScaryHaglin/Entry/05/Dialogue Text,"""그렇게 해 주지이이.""
<style=damage>치른 대가</style>가 달갑지는 않지만, [var=chosenOrb]은 확실히 [var=upgradedOrb]로 업그레이드되었습니다.",draft,,
Dialogue System/Conversation/Scenario.General.ScaryHaglin/Entry/07/Dialogue Text,"""그렇게 해 주지이이.""
<style=damage>치른 대가</style>가 달갑지는 않지만, [var=chosenOrb]이 사라져 가방은 한결 가벼워졌습니다.",draft,,
Dialogue System/Conversation/Scenario.General.ScaryHaglin/Entry/08/Dialogue Text,"당신은 가던 길에 <style=peglin>해글린</style>으로 보이는 것이 미동도 하지 않은 채로 서 있는 것을 발견합니다. 어쩐지 으스스한 기분이 들긴 하지만, 평소와 다름없이 같은 도움을 제공하는 듯하네요...",draft,,
Dialogue System/Conversation/Scenario.General.ScaryHaglin/Entry/09/Dialogue Text,"""아아, 우리이이 중 하나로군. 뭘 원하지이이?""",draft,,
Dialogue System/Conversation/Scenario.General.ScaryHaglin/Entry/10/Dialogue Text,구슬 하나 업그레이드하기,draft,,
Dialogue System/Conversation/Scenario.General.ScaryHaglin/Entry/11/Dialogue Text,구슬 하나 제거하기,draft,,
Dialogue System/Conversation/Scenario.General.ScaryHaglin/Entry/12/Dialogue Text,"""그렇게 해 주지이이.""
[var=chosenOrb]이 [var=upgradedOrb]로 업그레이드되었습니다.",draft,,
Dialogue System/Conversation/Scenario.General.ScaryHaglin/Entry/13/Dialogue Text,"""그렇게 해 주지이이.""
[var=chosenOrb]이 사라져 가방이 한결 가벼워졌습니다.",draft,,
Dialogue System/Conversation/Scenario.General.SecretTunnel/Entry/01/Dialogue Text,당신은 복도 벽에 손을 대고 걷다가 작은 통로로 이어지는 입구를 발견합니다.,draft,,
Dialogue System/Conversation/Scenario.General.SecretTunnel/Entry/02/Dialogue Text,통로 속으로 들어가기 <style=objectOfInterest>(??? 이동)</style>,draft,,
Dialogue System/Conversation/Scenario.General.SecretTunnel/Entry/03/Dialogue Text,계속 가기,draft,,
Dialogue System/Conversation/Scenario.General.Vampire/Entry/01/Dialogue Text,"<color=#666666>그림자 속</color>에 숨어 있는 길쭉한 형체를 간신히 알아봅니다...
머릿속에서 이상할 만큼 매혹적인 목소리가 들립니다.
""힘을 갈망하느냐, 작은 <style=peglin>페글린</style>아? 거래하지 않겠니?""",draft,,
Dialogue System/Conversation/Scenario.General.Vampire/Entry/02/Dialogue Text,"거래 받아들이기 (<style=damage>최대 체력 -[var=halfMaxHealth]</style>, <style=objectOfInterest>+ 특별한 유물 획득</style>)",draft,,
Dialogue System/Conversation/Scenario.General.Vampire/Entry/03/Dialogue Text,"낮은 웃음소리와 함께 그림자 속에서 긴 팔이 뻗어 나와 다듬지 않은 보석을 건넵니다. 갑작스러운 현기증에 시야 가장자리로 별이 아른거리지만, <style=objectOfInterest>엄청난 새 힘</style>과 새로운 <shake>허기</shake>가 분명히 느껴집니다...",draft,,
Dialogue System/Conversation/Scenario.General.Vampire/Entry/05/Dialogue Text,도망가기!,draft,,
Dialogue System/Conversation/Scenario.General.Vampire/Entry/08/Dialogue Text,"형체는 뒤쫓을 기색조차 보이지 않고, 당신은 몇 초 만에 빈터를 빠져나옵니다. 하지만 몸에 밴 한기는 한참이 지나서야 가십니다...",draft,,
Dialogue System/Conversation/Scenario.General.Vampire/Entry/09/Dialogue Text,계속하기,draft,,
Dialogue System/Conversation/Scenario.General.Waterfall/Entry/01/Dialogue Text,길을 살짝 벗어난 곳에서 {vertexp}<style=water>폭포{/vertexp}</style>를 발견합니다. 그 뒤에는 어떤 비밀이 숨겨져 있을까요?,draft,,
Dialogue System/Conversation/Scenario.General.Waterfall/Entry/02/Dialogue Text,<style=water>폭포</style> 뒤를 확인하기,draft,,
Dialogue System/Conversation/Scenario.General.Waterfall/Entry/03/Dialogue Text,당신은 폭포 뒤에서 <style=objectOfInterest>숨겨진 보물</style>을 발견합니다!,draft,,
Dialogue System/Conversation/Scenario.General.Waterfall/Entry/04/Dialogue Text,"폭포 뒤에는 아무것도 없었고, 당신이 폭포 속에서 나오자 <style=damage>강한 몬스터</style>가 당신을 기다리고 있었습니다!",draft,,
Dialogue System/Conversation/Scenario.General.Waterfall/Entry/05/Dialogue Text,무시하고 계속 가기,draft,,
Dialogue System/Conversation/Scenario.General.Waterfall/Entry/06/Dialogue Text,<style=damage>싸우기!</style>,draft,,
Dialogue System/Conversation/Scenario.HaglinScouting/Entry/01/Dialogue Text,"""어떻게 도와줄까?""",draft,,
Dialogue System/Conversation/Scenario.HaglinScouting/Entry/02/Dialogue Text,구슬 하나 업그레이드하기,draft,,
Dialogue System/Conversation/Scenario.HaglinScouting/Entry/03/Dialogue Text,구슬 하나 제거하기,draft,,
Dialogue System/Conversation/Scenario.HaglinScouting/Entry/04/Dialogue Text,필요 없어요!,draft,,
Dialogue System/Conversation/Scenario.HaglinScouting/Entry/05/Dialogue Text,"해글린은 <style=loseOrb>[var=chosenOrb]</style>을 받아 자기 가방에 던져 넣고는 새 <style=upgradeOrb>[var=upgradedOrb]</style>을 꺼냅니다. 구슬을 업그레이드한 게 아니라 그저 바꿔치기한 듯한 의심이 들지만, 어느 쪽이든 감탄스럽습니다!",draft,,
Dialogue System/Conversation/Scenario.HaglinScouting/Entry/07/Dialogue Text,"""오, 새로운 수집품이라니!"" 해글린은 당신의 <style=loseOrb>[var=chosenOrb]</style> 하나를 가져가며 신난 듯이 말합니다. 당신은 해글린이 얼마나 많은 구슬을 모은 걸지 궁금해합니다...",draft,,
Dialogue System/Conversation/Scenario.HaglinScouting/Entry/08/Dialogue Text,"주변을 유심히 살피는 <style=peglin>다른 페글린</style>을 발견합니다.
""안녕! 난 해글린이야... 전에 만난 적 있던가? 아직 여기에 가게를 차리진 못했지만, 그동안 무료 샘플 하나 정도는 줄 수 있어!""",draft,,
Dialogue System/Conversation/Scenario.Inferno/Entry/01/Dialogue Text,난데없이 <shake><style=fire>지옥불</style></shake>이 타올라 당신을 원형으로 에워쌉니다. 불의 고리 한가운데에서는 <style=fire>화염구</style> 두 개가 <bounce>튀어 오르며</bounce> 서로의 주위를 <wave>맴돌고</wave> 있습니다.,draft,,
Dialogue System/Conversation/Scenario.Inferno/Entry/02/Dialogue Text,"화염구 잡기 (<style=fire>화염구 +2,</style> <style=damage>[var=fireball_take_dmg] 대미지 받기</style>)",draft,,
Dialogue System/Conversation/Scenario.Inferno/Entry/03/Dialogue Text,"<style=fire>화염구</style>를 움켜쥔 순간, 예상대로 <style=damage>몹시 뜨겁습니다</style>. 하지만 에너지가 몸을 타고 흐르자 이내 식어 가방에 안전하게 넣을 수 있게 됩니다. 손은 상했지만 <style=fire>불의 고리</style>가 잦아들어 다시 길을 나설 수 있습니다.",draft,,
Dialogue System/Conversation/Scenario.Inferno/Entry/04/Dialogue Text,불길 속으로 돌진하기 (<style=damage>[var=fireball_leave_dmg] 대미지 받기</style>),draft,,
Dialogue System/Conversation/Scenario.Inferno/Entry/05/Dialogue Text,"당신은 용감하게도 <style=fire>불길</style>을 뚫고 갑니다! <style=damage>약간의 화상</style>을 입긴 했지만, 크게 다친 것 같진 않습니다.",draft,,
Dialogue System/Conversation/Scenario.Inferno/Entry/06/Dialogue Text,"힘 끌어내기 (<style=heal2>구슬 제거</style>, <style=damage>[var=fireball_remove_dmg] 대미지 받기</style>)",draft,,
Dialogue System/Conversation/Scenario.Inferno/Entry/07/Dialogue Text,주변에서 <shake><style=fire>지옥불</style></shake>이 계속해서 맹렬하게 타오릅니다.,draft,,
Dialogue System/Conversation/Scenario.Inferno/Entry/08/Dialogue Text,"가방에서 구슬 하나를 꺼내 엄청난 힘을 들여 (그리고 <style=damage>손가락을 조금 그슬려 가며</style>) <style=fire>화염구</style> 사이에 끼워 넣습니다. 구슬들은 통쾌한 <incr><style=fire>펑!</style></incr> 소리와 함께 안으로 폭발하고, <style=fire>불의 장벽</style>이 잦아들어 다시 길을 나설 수 있습니다.",draft,,
Dialogue System/Conversation/Scenario.Mines.ForestPortal/Entry/01/Dialogue Text,복도 벽이 <wiggle>찢어지며</wiggle> 당신의 세계와 아주 닮은 여러 세계가 드러납니다. 나아갈수록 균열은 커지고 그 너머로 수많은 몬스터가 보입니다. 복도 끝의 페글린만 한 균열 너머에는 <style=damage>숲의 보스</style>가 있습니다.,draft,,
Dialogue System/Conversation/Scenario.Mines.ForestPortal/Entry/02/Dialogue Text,균열로 들어가기,draft,,
Dialogue System/Conversation/Scenario.Mines.ForestPortal/Entry/03/Dialogue Text,도망치기!,draft,,
Dialogue System/Conversation/Scenario.Mines.GiantBrickSlime/Entry/01/Dialogue Text,"광산 터널을 탐험하다가 잠들어 있는 <style=stone>거대 벽돌 슬라임박스</style>를 발견했습니다! 펄쩍 뛰어올라 위협을 가하기에는 너무 커 보여서, 깨워서 인사를 건네볼까 고민합니다.",draft,,
Dialogue System/Conversation/Scenario.Mines.GiantBrickSlime/Entry/03/Dialogue Text,거대 슬라임박스에게 인사하기,draft,,
Dialogue System/Conversation/Scenario.Mines.GiantBrickSlime/Entry/04/Dialogue Text,몰래 빠져나가기,draft,,
Dialogue System/Conversation/Scenario.Mines.GiantBrickSlime/Entry/05/Dialogue Text,"""오오오오 안녕하세요. <style=damage>잔뜩 화가 나서</style> <style=crystal>수정</style>으로 뒤덮여 있는 게 아니라면, 이 근처에서 당신 같은 분을 보기는 쉽지 않은데 말이죠! 제 동족들이 너무 골치 아프게 굴진 않았기를 바랍니다... 그 친구들이 가끔 주변을 쿵쾅거리며 <bounce>짓밟는</bounce> 것에 너무 심취하거든요!""",draft,,
Dialogue System/Conversation/Scenario.Mines.GiantBrickSlime/Entry/07/Dialogue Text,당신은 잠든 슬라임박스를 피해 무사히 빠져나옵니다.,draft,,
Dialogue System/Conversation/Scenario.Mines.GiantBrickSlime/Entry/08/Dialogue Text,계속 가기,draft,,
Dialogue System/Conversation/Scenario.Mines.GiantBrickSlime/Entry/09/Dialogue Text,"""아, <style=objectOfInterest>돌팔매</style>를 가지고 계시군요... 돌 감정가를 만나는 건 언제나 즐거운 일이죠! 관심 있으시다면 특별한 선물이 있습니다.""",draft,,
Dialogue System/Conversation/Scenario.Mines.GiantBrickSlime/Entry/10/Dialogue Text,선물 살펴보기 (<style=objectOfInterest>+ 특별한 유물</style>),draft,,
Dialogue System/Conversation/Scenario.Mines.GiantBrickSlime/Entry/11/Dialogue Text,"""제 낡은 벽돌이 절 속이는 게 아니라면, 당신은 <style=stone>펩볼</style>을 꽤 많이 가지고 계신 것 같군요... 생각이 있으시다면, 제 부피를 조금 줄이면서도 당신의 장비를 더 강하게 할 수 있을 겁니다!""",draft,,
Dialogue System/Conversation/Scenario.Mines.GiantBrickSlime/Entry/12/Dialogue Text,"""완벽해요, 감사합니다... 이 늙은 뼈대에 박힌 <style=stone>돌</style>을 조금 덜어 내라는 게 슬라임 의사 선생님의 처방이었거든요. 이제 성으로 돌아갈 수 있을 정도로 몸이 가벼워진 것 같네요, 아마도... 낮잠을 조금만 자고 나면요...""",draft,,
Dialogue System/Conversation/Scenario.Mines.GiantBrickSlime/Entry/13/Dialogue Text,거대 슬라임박스에게 <style=loseOrb>[var=randomOrb0]</style>와 <style=loseOrb>[var=randomOrb1]</style>를 강제로 먹이기,draft,,
Dialogue System/Conversation/Scenario.Mines.GiantBrickSlime/Entry/14/Dialogue Text,제안 수락하기 (<style=heal2>모든 펩볼을 돌덩이로 변환</style>),draft,,
Dialogue System/Conversation/Scenario.Mines.GiantBrickSlime/Entry/15/Dialogue Text,떠나기,draft,,
Dialogue System/Conversation/Scenario.Mines.GiantBrickSlime/Entry/16/Dialogue Text,"""읍... 으으, 세상에나! 도대체 왜 그러신 거예요! 모험가들의 펩볼을 주워 먹다가 애초에 이 사단이 난 거란 말이에요. 으으으... 이제 난 여기서 영영 못 나갈 거야...""",draft,,
Dialogue System/Conversation/Scenario.Mines.Minecart/Entry/01/Dialogue Text,"철도를 따라 걷는 도중, 당신의 뒤쪽에서 덜컹거리는 소리가 점점 커지면서 다가옵니다. 뒤를 돌아보니, 뭔가가 가득 찬 광산차가 달려오고 있습니다!",draft,,
Dialogue System/Conversation/Scenario.Mines.Minecart/Entry/02/Dialogue Text,받아내기 <style=damage>(체력 -[var=brace_dmg])</style>,draft,,
Dialogue System/Conversation/Scenario.Mines.Minecart/Entry/03/Dialogue Text,광산차는 충격에 대비하고 있던 당신을 돌 벽으로 날려버리고는 갈 길을 가버립니다. 이제부터 철도는 피하는 게 좋을 것 같네요...,draft,,
Dialogue System/Conversation/Scenario.Mines.Minecart/Entry/04/Dialogue Text,피하려고 시도하기 <style=damage>(최대 체력 -[var=dodge_dmg])</style>,draft,,
Dialogue System/Conversation/Scenario.Mines.Minecart/Entry/05/Dialogue Text,간신히 몸을 날려 피하지만 착지하면서 발목을 삡니다. 달갑지는 않아도 계속 갈 수는 있습니다.,draft,,
Dialogue System/Conversation/Scenario.Mines.Minecart/Entry/06/Dialogue Text,"올라타기! (<style=stone>+[var=ride_stones] 펩볼</style>, <style=damage>무작위 이동</style>)",draft,,
Dialogue System/Conversation/Scenario.Mines.Minecart/Entry/07/Dialogue Text,"힘껏 뛰어올라 광산차에 무사히 착지합니다! <style=stone>펩볼 몇 개</style>가 가방에 굴러 들어오는 건 피할 수 없고, 어디로 가는지도 전혀 알 수 없습니다!",draft,,
Dialogue System/Conversation/Scenario.Mines.MirrorTunnel/Entry/01/Dialogue Text,이 구간의 터널 벽은 깨진 거울처럼 빛을 반사하며 <shake>조각나</shake> 있습니다. 거울 속 여러 <style=peglin>페글린</style>이 손에 각기 다른 구슬을 든 모습이 언뜻 보입니다. 손에 닿을 듯 말 듯한데... 정말 그럴까요?,draft,,
Dialogue System/Conversation/Scenario.Mines.MirrorTunnel/Entry/02/Dialogue Text,<style=peglin>페글린</style>들을 따라 하기 <style=objectOfInterest>(보유 구슬의 절반을 무작위로 제거)</style>,draft,,
Dialogue System/Conversation/Scenario.Mines.MirrorTunnel/Entry/03/Dialogue Text,가장 가까이 있는 구슬 가져가기 <style=heal>(+구슬)</style>,draft,,
Dialogue System/Conversation/Scenario.Mines.MirrorTunnel/Entry/04/Dialogue Text,"양손에 구슬을 들고 내밀어 <style=peglin>페글린</style>들을 흉내 냅니다. 셀 수 없이 많은 구슬을 셀 수 없이 내밀고, <style=peglin>다른 페글린</style>들이 거울 너머로 손을 뻗어 제물을 받았던 '기억'이 머릿속에 밀려듭니다.
머릿속은 훨씬 무거워졌지만 가방은 훨씬 가벼워졌습니다.",draft,,
Dialogue System/Conversation/Scenario.Mines.MirrorTunnel/Entry/06/Dialogue Text,"당신이 가장 가까운 구슬을 집자 눈앞에서 구슬의 모양이 바뀝니다. 구슬을 회수하자 거울은 흐릿해졌지만, <style=objectOfInterest>비치구</style>는 계속 신비하게 모양이 변합니다.",draft,,
Dialogue System/Conversation/Scenario.MysteriousAltar/Entry/01/Dialogue Text,"당신은 <color=white>신비로운 제단</color>을 우연히 발견합니다. 이끌리듯 다가가자, 자신이 제물로 바칠 구슬을 양손에 하나씩 내밀고 있음을 깨닫습니다.",draft,,
Dialogue System/Conversation/Scenario.MysteriousAltar/Entry/02/Dialogue Text,<style=loseOrb>[var=randomOrb0]</style> 올려놓기,draft,,
Dialogue System/Conversation/Scenario.MysteriousAltar/Entry/03/Dialogue Text,<style=loseOrb>[var=randomOrb1]</style> 올려놓기,draft,,
Dialogue System/Conversation/Scenario.MysteriousAltar/Entry/04/Dialogue Text,"<style=loseOrb>[var=lostOrb]</style>을 제단에 올려놓으려 하자 단단한 돌판 속으로 그대로 가라앉습니다. 제물이 사라지는 순간 다른 손이 따뜻해지고, <style=upgradeOrb>[var=upgradedOrb]이 이제 레벨 [var=upgradedLevel]이 되었음</style>을 깨닫습니다.",draft,,
Dialogue System/Conversation/Scenario.ShinyOre/Entry/01/Dialogue Text,어두운 복도를 따라 걷던 중 반짝이는 빛이 시선을 사로잡습니다. 당신의 <style=peglin>작은 페글린 손</style>이 자신도 모르게 튀어나가더니 본능적으로 그것을 가방에 쑤셔 넣습니다. 자세히 살펴보니 <style=crystal>돌멩이? 레벨 1</style>을 발견한 것 같습니다.,draft,,
Dialogue System/Conversation/Scenario.ShinyOre/Entry/02/Dialogue Text,계속 가기,draft,,
Dialogue System/Conversation/Scenario.SlimyPath/Entry/01/Dialogue Text,"유난히 <style=slime>미끈거리는</style> 빈터에 도착합니다. 조심조심 나아가지만 결국 <shake>발을 헛디디고 맙니다.</shake>

구슬 세 개가 점액에 빠졌는데 손은 두 개뿐입니다. 어느 구슬을 <style=slime>점액질 심연</style> 속으로 <style=loseOrb>가라앉게 둘</style>까요?",draft,,
Dialogue System/Conversation/Scenario.SlimyPath/Entry/02/Dialogue Text,<style=loseOrb>[var=randomOrb0]</style>를 포기하기,draft,,
Dialogue System/Conversation/Scenario.SlimyPath/Entry/03/Dialogue Text,<style=loseOrb>[var=randomOrb1]</style>를 포기하기,draft,,
Dialogue System/Conversation/Scenario.SlimyPath/Entry/04/Dialogue Text,<style=loseOrb>[var=randomOrb2]</style>를 포기하기,draft,,
Dialogue System/Conversation/Scenario.SlimyPath/Entry/05/Dialogue Text,당신은 본능적으로 손을 뻗어 양손에 구슬을 잡습니다. 하지만 점액 속으로 가라앉는 <style=loseOrb>[var=lostOrb]</style>만은 지켜볼 수밖에 없었습니다.,draft,,
Dialogue System/Conversation/Scenario.SunnyClearing/Entry/01/Dialogue Text,당신은 햇살이 밝게 비치는 숲속 빈터에 도착했습니다.,draft,,
Dialogue System/Conversation/Scenario.SunnyClearing/Entry/02/Dialogue Text,"잠시 쉬기 (<style=heal>체력 +15</style>,<style=damage>???</style>)",draft,,
Dialogue System/Conversation/Scenario.SunnyClearing/Entry/03/Dialogue Text,햇살이 얼굴에 비치는 평화로운 시간을 보내니 상쾌해진 기분입니다. 당신은 더 힘찬 걸음으로 여행을 계속할 수 있게 되었습니다.,draft,,
Dialogue System/Conversation/Scenario.SunnyClearing/Entry/04/Dialogue Text,"얼굴에 비치는 평화로운 햇살 덕에 기분이 상쾌해지긴 했지만, 당신이 쉬는 동안 <style=damage>강한 몬스터</style>가 당신을 덮칩니다!",draft,,
Dialogue System/Conversation/Scenario.SunnyClearing/Entry/05/Dialogue Text,계속 갈 길 가기,draft,,
Dialogue System/Conversation/Scenario.SunnyClearing/Entry/06/Dialogue Text,<style=damage>싸우기!</style>,draft,,
Dialogue System/Conversation/Scenario.Thunderstorm/Entry/01/Dialogue Text,숲이 점점 <color=#888888>어두워지고</color> <color=#666666>어두워집니다</color>. 당신은 걷던 도중 비가 퍼붓고 있는 빈터에 도착합니다.,draft,,
Dialogue System/Conversation/Scenario.Thunderstorm/Entry/05/Dialogue Text,번개를 받아들이기 <style=lightning>(???)</style>,draft,,
Dialogue System/Conversation/Scenario.Thunderstorm/Entry/06/Dialogue Text,달려서 피하기! <style=damage>(무작위 방향으로 이동)</style>,draft,,
Dialogue System/Conversation/Scenario.Thunderstorm/Entry/07/Dialogue Text,상처 하나 없이 빈터를 빠져나오자 날씨는 벌써 좋아졌습니다... 그런데 어느 쪽으로 가던 길이었더라?,draft,,
Dialogue System/Conversation/Scenario.Thunderstorm/Entry/08/Dialogue Text,"빈터의 중앙으로 걸어간 당신은 <style=lightning>벼락</style>에 맞게 됩니다! 당신은 몸을 타고 내려가는 힘에 몸을 떨지만, 그 힘은 당신을 해치지 않고 그대로 가방 속에 <style=lightning>[var=orb0]</style> 하나로 응축됩니다.",draft,,
Dialogue System/Conversation/Scenario.Thunderstorm/Entry/09/Dialogue Text,"번개 유도하기 (<style=heal>구슬 업그레이드</style>, <style=damage>[var=remove_cost] 골드 잃기</style>)",draft,,
Dialogue System/Conversation/Scenario.Thunderstorm/Entry/11/Dialogue Text,"<style=lightning>번개처럼 빠른 반사 신경</style>으로 코인을 일렬로 늘어놓아 번개를 가로막고, 그 힘을 [var=upgradedOrb]에 부여할 수 있었습니다. 안타깝게도 <style=gold>당신의 코인</style>은 <shake>산산조각</shake> 났지만, 가장 위험한 벼락을 빗겨가게 하여 빈터를 안전하게 지나갈 수 있습니다.",draft,,
